{"mean":{"confidence_interval":{"confidence_level":0.95,"lower_bound":-0.443943391643157,"upper_bound":-0.4414249711272734},"point_estimate":-0.44265517974536717,"standard_error":0.000640411300501436},"median":{"confidence_interval":{"confidence_level":0.95,"lower_bound":-0.44395352534659005,"upper_bound":-0.4406584605821945},"point_estimate":-0.44254699225357963,"standard_error":0.0007370945693251722}}