{"mean":{"confidence_interval":{"confidence_level":0.95,"lower_bound":-0.054479311484885364,"upper_bound":-0.052236167250731075},"point_estimate":-0.05334485058901495,"standard_error":0.0005705191294952005},"median":{"confidence_interval":{"confidence_level":0.95,"lower_bound":-0.05414156926107326,"upper_bound":-0.052704680169150864},"point_estimate":-0.053448146062826996,"standard_error":0.0003505821280960717}}