{"mean":{"confidence_interval":{"confidence_level":0.95,"lower_bound":-0.13178067808872965,"upper_bound":-0.12779801433021504},"point_estimate":-0.12983883674120356,"standard_error":0.0010101877850099852},"median":{"confidence_interval":{"confidence_level":0.95,"lower_bound":-0.13277287172969188,"upper_bound":-0.1299915052060625},"point_estimate":-0.13151007342871002,"standard_error":0.0007398656511072146}}