{"mean":{"confidence_interval":{"confidence_level":0.95,"lower_bound":-0.32653340333028535,"upper_bound":-0.3197370410842607},"point_estimate":-0.3234197380286551,"standard_error":0.0016981650730902588},"median":{"confidence_interval":{"confidence_level":0.95,"lower_bound":-0.3303231928453544,"upper_bound":-0.32318064274101344},"point_estimate":-0.32713421537921983,"standard_error":0.0019239108046678517}}