{"mean":{"confidence_interval":{"confidence_level":0.95,"lower_bound":-0.4819949376218542,"upper_bound":-0.4802851835993938},"point_estimate":-0.48113603416520223,"standard_error":0.00043529392430596267},"median":{"confidence_interval":{"confidence_level":0.95,"lower_bound":-0.4814792959660622,"upper_bound":-0.4804594446779421},"point_estimate":-0.4810201491612376,"standard_error":0.00025339674764404625}}