{"mean":{"confidence_interval":{"confidence_level":0.95,"lower_bound":-0.5157779428366946,"upper_bound":-0.5141077362602773},"point_estimate":-0.5149033280449075,"standard_error":0.0004330218170134974},"median":{"confidence_interval":{"confidence_level":0.95,"lower_bound":-0.5150148904707814,"upper_bound":-0.5137345928595767},"point_estimate":-0.514093449144716,"standard_error":0.0003430193000763569}}