{"mean":{"confidence_interval":{"confidence_level":0.95,"lower_bound":1.169609997589266,"upper_bound":1.1850807794471274},"point_estimate":1.17789032553536,"standard_error":0.003942699767477575},"median":{"confidence_interval":{"confidence_level":0.95,"lower_bound":1.170335061153359,"upper_bound":1.1899120122815643},"point_estimate":1.1819940174259727,"standard_error":0.004699780098109026}}