{"mean":{"confidence_interval":{"confidence_level":0.95,"lower_bound":-0.44329796805678195,"upper_bound":-0.44031304108793007},"point_estimate":-0.441599889830665,"standard_error":0.000758300073385941},"median":{"confidence_interval":{"confidence_level":0.95,"lower_bound":-0.4423454121717355,"upper_bound":-0.43953366986518994},"point_estimate":-0.440241529528255,"standard_error":0.0007455459055883455}}