{"mean":{"confidence_interval":{"confidence_level":0.95,"lower_bound":-0.05247672533555704,"upper_bound":-0.048580241585194195},"point_estimate":-0.05057488518215669,"standard_error":0.0010065243634052273},"median":{"confidence_interval":{"confidence_level":0.95,"lower_bound":-0.051288113895004206,"upper_bound":-0.04999148021767752},"point_estimate":-0.05055678241513073,"standard_error":0.0003143503373086241}}