{"mean":{"confidence_interval":{"confidence_level":0.95,"lower_bound":-0.37070725113299935,"upper_bound":-0.3695688498309445},"point_estimate":-0.37014013760277276,"standard_error":0.00029088711411857416},"median":{"confidence_interval":{"confidence_level":0.95,"lower_bound":-0.3708935184658203,"upper_bound":-0.36923457228536005},"point_estimate":-0.37005503618200786,"standard_error":0.0004309178639815834}}