{"mean":{"confidence_interval":{"confidence_level":0.95,"lower_bound":-0.12287056049339196,"upper_bound":-0.11920846724906123},"point_estimate":-0.12106134743593566,"standard_error":0.0009260896578976595},"median":{"confidence_interval":{"confidence_level":0.95,"lower_bound":-0.12491136108319811,"upper_bound":-0.12032849977624849},"point_estimate":-0.12325446943610752,"standard_error":0.0010398721486157135}}