{"mean":{"confidence_interval":{"confidence_level":0.95,"lower_bound":-0.34003418135164626,"upper_bound":-0.33796172969746774},"point_estimate":-0.3389741698758443,"standard_error":0.0005292770361453696},"median":{"confidence_interval":{"confidence_level":0.95,"lower_bound":-0.3388804269313066,"upper_bound":-0.33734640378547787},"point_estimate":-0.33814932807291953,"standard_error":0.0003854526044600137}}