{"mean":{"confidence_interval":{"confidence_level":0.95,"lower_bound":-0.46827944694681384,"upper_bound":-0.46570871723712826},"point_estimate":-0.4668863164706971,"standard_error":0.0006559391528693268},"median":{"confidence_interval":{"confidence_level":0.95,"lower_bound":-0.46644543705307717,"upper_bound":-0.4653732404862527},"point_estimate":-0.4659763399027329,"standard_error":0.00026634918319151126}}