{"mean":{"confidence_interval":{"confidence_level":0.95,"lower_bound":-0.355895384168318,"upper_bound":-0.35353612178760574},"point_estimate":-0.3547435117951421,"standard_error":0.0006019985431286811},"median":{"confidence_interval":{"confidence_level":0.95,"lower_bound":-0.35642278774681246,"upper_bound":-0.3529388949837312},"point_estimate":-0.3548699694097255,"standard_error":0.0008268143266171092}}