{"mean":{"confidence_interval":{"confidence_level":0.95,"lower_bound":-0.427952344692625,"upper_bound":-0.42336912885923034},"point_estimate":-0.4255914837071523,"standard_error":0.001170786536636277},"median":{"confidence_interval":{"confidence_level":0.95,"lower_bound":-0.4269401651052228,"upper_bound":-0.42415433087760934},"point_estimate":-0.42516862931126587,"standard_error":0.0007428441879040232}}