{"mean":{"confidence_interval":{"confidence_level":0.95,"lower_bound":0.028118116953556482,"upper_bound":0.03157252851247956},"point_estimate":0.02992958849820937,"standard_error":0.0008824798602428671},"median":{"confidence_interval":{"confidence_level":0.95,"lower_bound":0.03032012082037716,"upper_bound":0.032168203138293716},"point_estimate":0.03108744551993614,"standard_error":0.0004581342983238815}}