{"mean":{"confidence_interval":{"confidence_level":0.95,"lower_bound":-0.4159623847010201,"upper_bound":-0.4123783606275409},"point_estimate":-0.4137655008217951,"standard_error":0.0009747886207157899},"median":{"confidence_interval":{"confidence_level":0.95,"lower_bound":-0.41349482443717533,"upper_bound":-0.4125295768095356},"point_estimate":-0.41333521324151556,"standard_error":0.00028805809421290137}}