{"mean":{"confidence_interval":{"confidence_level":0.95,"lower_bound":-0.4426766409534748,"upper_bound":-0.4328312038684667},"point_estimate":-0.4381446174893102,"standard_error":0.002494016079501663},"median":{"confidence_interval":{"confidence_level":0.95,"lower_bound":-0.4482042306531804,"upper_bound":-0.4438530639592366},"point_estimate":-0.44648988634948206,"standard_error":0.0012251973843360403}}