{"mean":{"confidence_interval":{"confidence_level":0.95,"lower_bound":1.0714009211302908,"upper_bound":1.0912147539003418},"point_estimate":1.0819835832249876,"standard_error":0.005084816598924545},"median":{"confidence_interval":{"confidence_level":0.95,"lower_bound":1.0926519708029252,"upper_bound":1.0997973790643374},"point_estimate":1.0972357232492183,"standard_error":0.001757903509697638}}