{"mean":{"confidence_interval":{"confidence_level":0.95,"lower_bound":-0.4059773903265737,"upper_bound":-0.40394283934090164},"point_estimate":-0.40492425268885135,"standard_error":0.0005259205731913766},"median":{"confidence_interval":{"confidence_level":0.95,"lower_bound":-0.4059979056729083,"upper_bound":-0.403052402507755},"point_estimate":-0.40435741294054306,"standard_error":0.0007640472978471901}}