{"mean":{"confidence_interval":{"confidence_level":0.95,"lower_bound":-0.4542500989400096,"upper_bound":-0.45116247046614155},"point_estimate":-0.4526641579959976,"standard_error":0.000785828523221801},"median":{"confidence_interval":{"confidence_level":0.95,"lower_bound":-0.45414018077013796,"upper_bound":-0.45041926765628226},"point_estimate":-0.45118404647545174,"standard_error":0.0008951835850077301}}