{"mean":{"confidence_interval":{"confidence_level":0.95,"lower_bound":2005135.2586200007,"upper_bound":2008593.16656},"point_estimate":2006781.6047999999,"standard_error":884.050405117481},"median":{"confidence_interval":{"confidence_level":0.95,"lower_bound":2004159.8399999999,"upper_bound":2005738.76},"point_estimate":2004791.04,"standard_error":448.79201640566754},"median_abs_dev":{"confidence_interval":{"confidence_level":0.95,"lower_bound":2506.6021234988198,"upper_bound":4659.544107976447},"point_estimate":3669.850062847179,"standard_error":561.9560697563334},"slope":null,"std_dev":{"confidence_interval":{"confidence_level":0.95,"lower_bound":5873.894714761709,"upper_bound":11692.948715183158},"point_estimate":8894.597450695339,"standard_error":1497.2367336262566}}