{"mean":{"confidence_interval":{"confidence_level":0.95,"lower_bound":-0.4520926802929093,"upper_bound":-0.44951606162388885},"point_estimate":-0.45076730784913766,"standard_error":0.0006540527688607354},"median":{"confidence_interval":{"confidence_level":0.95,"lower_bound":-0.4519325238259704,"upper_bound":-0.4490782871580652},"point_estimate":-0.4510640859186915,"standard_error":0.0007448792883016399}}