{"mean":{"confidence_interval":{"confidence_level":0.95,"lower_bound":-0.41764006705239193,"upper_bound":-0.39998827802833314},"point_estimate":-0.4111893089247445,"standard_error":0.005256653927294416},"median":{"confidence_interval":{"confidence_level":0.95,"lower_bound":-0.41833634818663124,"upper_bound":-0.415181580992913},"point_estimate":-0.4175144905025626,"standard_error":0.0008733068197365905}}