{"mean":{"confidence_interval":{"confidence_level":0.95,"lower_bound":34121.76868590119,"upper_bound":34243.56556146059},"point_estimate":34190.14774493963,"standard_error":31.286554021704983},"median":{"confidence_interval":{"confidence_level":0.95,"lower_bound":34144.47568710359,"upper_bound":34254.028903654485},"point_estimate":34200.96262458472,"standard_error":20.250806951044847},"median_abs_dev":{"confidence_interval":{"confidence_level":0.95,"lower_bound":19.163179310950525,"upper_bound":148.83089118598912},"point_estimate":78.67606395205857,"standard_error":32.88234498623807},"slope":{"confidence_interval":{"confidence_level":0.95,"lower_bound":34185.51976108638,"upper_bound":34260.11169556179},"point_estimate":34225.62794247669,"standard_error":18.800855029915834},"std_dev":{"confidence_interval":{"confidence_level":0.95,"lower_bound":50.05017617047114,"upper_bound":185.61777967901648},"point_estimate":125.10011421701743,"standard_error":39.57367434620603}}