{"mean":{"confidence_interval":{"confidence_level":0.95,"lower_bound":-0.5329766930266876,"upper_bound":-0.5311343468129318},"point_estimate":-0.5319816317264613,"standard_error":0.000468405827779532},"median":{"confidence_interval":{"confidence_level":0.95,"lower_bound":-0.5321194476084575,"upper_bound":-0.5305043328667283},"point_estimate":-0.5311440418591922,"standard_error":0.00039164404491286}}