{"mean":{"confidence_interval":{"confidence_level":0.95,"lower_bound":7780623.198178574,"upper_bound":7807350.052035713},"point_estimate":7793101.408571426,"standard_error":6836.218056787532},"median":{"confidence_interval":{"confidence_level":0.95,"lower_bound":7779670.142857143,"upper_bound":7794768.0},"point_estimate":7785502.571428571,"standard_error":3695.2024280561286},"median_abs_dev":{"confidence_interval":{"confidence_level":0.95,"lower_bound":22175.046596314336,"upper_bound":38162.12332248688},"point_estimate":30296.083262137792,"standard_error":4066.2748231154774},"slope":null,"std_dev":{"confidence_interval":{"confidence_level":0.95,"lower_bound":44859.73030764464,"upper_bound":94000.50733681336},"point_estimate":68427.04978625212,"standard_error":13343.818488458237}}