{"mean":{"confidence_interval":{"confidence_level":0.95,"lower_bound":-0.39753277109901414,"upper_bound":-0.393603614574081},"point_estimate":-0.395741977929441,"standard_error":0.0010031978395827284},"median":{"confidence_interval":{"confidence_level":0.95,"lower_bound":-0.39921194039339647,"upper_bound":-0.3938176149120971},"point_estimate":-0.3964052946834027,"standard_error":0.0014470235505325269}}