{"mean":{"confidence_interval":{"confidence_level":0.95,"lower_bound":-0.41990064407935745,"upper_bound":-0.4148580598815783},"point_estimate":-0.4172441880068569,"standard_error":0.0012966497312701599},"median":{"confidence_interval":{"confidence_level":0.95,"lower_bound":-0.4183535707122724,"upper_bound":-0.4133421351947032},"point_estimate":-0.4158616854011219,"standard_error":0.0013440939857401273}}