{"mean":{"confidence_interval":{"confidence_level":0.95,"lower_bound":2418482.5238333344,"upper_bound":2463538.5600357144},"point_estimate":2438594.3680952378,"standard_error":11621.571135016022},"median":{"confidence_interval":{"confidence_level":0.95,"lower_bound":2392654.9285714286,"upper_bound":2428808.9523809524},"point_estimate":2403239.4523809524,"standard_error":10786.60511413635},"median_abs_dev":{"confidence_interval":{"confidence_level":0.95,"lower_bound":23859.234276414147,"upper_bound":60827.29982009928},"point_estimate":39191.18890421718,"standard_error":10515.128784980436},"slope":null,"std_dev":{"confidence_interval":{"confidence_level":0.95,"lower_bound":45648.86567014776,"upper_bound":167992.7196319031},"point_estimate":117114.25144515674,"standard_error":30344.724696055837}}