{"mean":{"confidence_interval":{"confidence_level":0.95,"lower_bound":1.012132597367939,"upper_bound":1.05032684790011},"point_estimate":1.029767859840213,"standard_error":0.009726466707893332},"median":{"confidence_interval":{"confidence_level":0.95,"lower_bound":0.9955792334771381,"upper_bound":1.0264647035033425},"point_estimate":1.005007392307891,"standard_error":0.008981909524261434}}