{"mean":{"confidence_interval":{"confidence_level":0.95,"lower_bound":-0.4208047073246009,"upper_bound":-0.4177759643033429},"point_estimate":-0.41927968750328193,"standard_error":0.0007736653335096264},"median":{"confidence_interval":{"confidence_level":0.95,"lower_bound":-0.42103447718020726,"upper_bound":-0.41688436285968444},"point_estimate":-0.4198427678383214,"standard_error":0.0011259806066741447}}