{"mean":{"confidence_interval":{"confidence_level":0.95,"lower_bound":1.0358837197645632,"upper_bound":1.0746208825970627},"point_estimate":1.0575527470327173,"standard_error":0.009979293552257384},"median":{"confidence_interval":{"confidence_level":0.95,"lower_bound":1.0786223705428615,"upper_bound":1.0866577621995166},"point_estimate":1.0835406479538898,"standard_error":0.0019485348508566668}}