{"mean":{"confidence_interval":{"confidence_level":0.95,"lower_bound":-0.2263762312244514,"upper_bound":-0.2242240147223722},"point_estimate":-0.22535986310888,"standard_error":0.0005465438602813616},"median":{"confidence_interval":{"confidence_level":0.95,"lower_bound":-0.22619952325481152,"upper_bound":-0.22359865528534395},"point_estimate":-0.2244773105047746,"standard_error":0.0006482121095064569}}