{"mean":{"confidence_interval":{"confidence_level":0.95,"lower_bound":-0.4572608594660873,"upper_bound":-0.4531459982447476},"point_estimate":-0.4553040699381431,"standard_error":0.001052729192986952},"median":{"confidence_interval":{"confidence_level":0.95,"lower_bound":-0.45853963241321793,"upper_bound":-0.45280532163282017},"point_estimate":-0.45586028647874766,"standard_error":0.0012361042186631057}}