{"mean":{"confidence_interval":{"confidence_level":0.95,"lower_bound":-0.5028061697898484,"upper_bound":-0.5003961285764865},"point_estimate":-0.5015824499818708,"standard_error":0.0006148329056094151},"median":{"confidence_interval":{"confidence_level":0.95,"lower_bound":-0.5025641677138014,"upper_bound":-0.5007192597660374},"point_estimate":-0.5017447153860716,"standard_error":0.000472496812516355}}