{"mean":{"confidence_interval":{"confidence_level":0.95,"lower_bound":-0.056563171218581995,"upper_bound":-0.052702403104123524},"point_estimate":-0.054575475087308534,"standard_error":0.0009856730748144132},"median":{"confidence_interval":{"confidence_level":0.95,"lower_bound":-0.055925327068249125,"upper_bound":-0.05370537606134129},"point_estimate":-0.055059423654213346,"standard_error":0.0005466517033543397}}