{"mean":{"confidence_interval":{"confidence_level":0.95,"lower_bound":-0.5134536882821323,"upper_bound":-0.5095571886642666},"point_estimate":-0.5114517512788225,"standard_error":0.001000101643667073},"median":{"confidence_interval":{"confidence_level":0.95,"lower_bound":-0.5110903739308355,"upper_bound":-0.5076997340662286},"point_estimate":-0.5090374008841353,"standard_error":0.0009059271267569515}}