{"mean":{"confidence_interval":{"confidence_level":0.95,"lower_bound":2067288.1817910546,"upper_bound":2074416.5122962634},"point_estimate":2070892.065475506,"standard_error":1820.1662572797366},"median":{"confidence_interval":{"confidence_level":0.95,"lower_bound":2069850.6,"upper_bound":2074396.8625},"point_estimate":2070838.8,"standard_error":1264.4462143312398},"median_abs_dev":{"confidence_interval":{"confidence_level":0.95,"lower_bound":764.2358084320608,"upper_bound":13134.76357744775},"point_estimate":3891.6660809089185,"standard_error":3185.2330647951007},"slope":{"confidence_interval":{"confidence_level":0.95,"lower_bound":2069772.2819343295,"upper_bound":2076670.3838504087},"point_estimate":2073251.1314516128,"standard_error":1738.7963708587474},"std_dev":{"confidence_interval":{"confidence_level":0.95,"lower_bound":4075.848839377959,"upper_bound":9422.087624598886},"point_estimate":7303.637116901224,"standard_error":1356.917875317677}}