{"mean":{"confidence_interval":{"confidence_level":0.95,"lower_bound":-0.4615137395849247,"upper_bound":-0.45167496309355337},"point_estimate":-0.45704094463434886,"standard_error":0.0025982330062840767},"median":{"confidence_interval":{"confidence_level":0.95,"lower_bound":-0.4651010976869504,"upper_bound":-0.46288379147854875},"point_estimate":-0.46419025788921453,"standard_error":0.0005348252128550509}}