{"mean":{"confidence_interval":{"confidence_level":0.95,"lower_bound":1.167391831236706,"upper_bound":1.1801073744183905},"point_estimate":1.1739424614845357,"standard_error":0.003229855396746482},"median":{"confidence_interval":{"confidence_level":0.95,"lower_bound":1.175763529327118,"upper_bound":1.185542638385749},"point_estimate":1.1819261902975864,"standard_error":0.0024962063733762266}}