{"mean":{"confidence_interval":{"confidence_level":0.95,"lower_bound":-0.24555991284427556,"upper_bound":-0.24271550381440224},"point_estimate":-0.24412226687001282,"standard_error":0.0007247868750669377},"median":{"confidence_interval":{"confidence_level":0.95,"lower_bound":-0.24599325795703955,"upper_bound":-0.24425074864301052},"point_estimate":-0.24505368037050812,"standard_error":0.0004487565888716002}}