{"mean":{"confidence_interval":{"confidence_level":0.95,"lower_bound":-0.43598898050902274,"upper_bound":-0.40198529552208845},"point_estimate":-0.4144058557959859,"standard_error":0.010321217604682487},"median":{"confidence_interval":{"confidence_level":0.95,"lower_bound":-0.40513910056887936,"upper_bound":-0.4007896028910658},"point_estimate":-0.4038067703004,"standard_error":0.0011518346057051907}}