{"mean":{"confidence_interval":{"confidence_level":0.95,"lower_bound":-0.4732814690840806,"upper_bound":-0.4704016977646604},"point_estimate":-0.4717170443565667,"standard_error":0.000737210249150224},"median":{"confidence_interval":{"confidence_level":0.95,"lower_bound":-0.471583490209766,"upper_bound":-0.47057206800618745},"point_estimate":-0.47106802485859955,"standard_error":0.0002605402856171886}}