{"mean":{"confidence_interval":{"confidence_level":0.95,"lower_bound":-0.325773665244733,"upper_bound":-0.3200198548829011},"point_estimate":-0.3232255013174641,"standard_error":0.0015087964507491042},"median":{"confidence_interval":{"confidence_level":0.95,"lower_bound":-0.32739481627109823,"upper_bound":-0.32256921051685494},"point_estimate":-0.3257096164574469,"standard_error":0.0013310611793669362}}