{"mean":{"confidence_interval":{"confidence_level":0.95,"lower_bound":-0.47229760684494604,"upper_bound":-0.46642102084526393},"point_estimate":-0.46915652283363996,"standard_error":0.001504935688848224},"median":{"confidence_interval":{"confidence_level":0.95,"lower_bound":-0.46711319054830003,"upper_bound":-0.46225138908749264},"point_estimate":-0.46529003288940163,"standard_error":0.0012908089503868687}}