{"mean":{"confidence_interval":{"confidence_level":0.95,"lower_bound":-0.005745086562646812,"upper_bound":-0.0029438799648823597},"point_estimate":-0.004295263955968909,"standard_error":0.0007159173938316247},"median":{"confidence_interval":{"confidence_level":0.95,"lower_bound":-0.0033194779121954784,"upper_bound":-0.0016660532623586168},"point_estimate":-0.002641384317915052,"standard_error":0.0004487052819981889}}