{"mean":{"confidence_interval":{"confidence_level":0.95,"lower_bound":-0.4341870588849918,"upper_bound":-0.41860524538468397},"point_estimate":-0.42844292130329265,"standard_error":0.00428688905079739},"median":{"confidence_interval":{"confidence_level":0.95,"lower_bound":-0.4339971301346083,"upper_bound":-0.43066917071162203},"point_estimate":-0.43250666649022607,"standard_error":0.0008748826787113025}}