{"mean":{"confidence_interval":{"confidence_level":0.95,"lower_bound":4847464.387272727,"upper_bound":4857310.77768182},"point_estimate":4852248.753636364,"standard_error":2515.862691575475},"median":{"confidence_interval":{"confidence_level":0.95,"lower_bound":4842268.909090909,"upper_bound":4849012.909090909},"point_estimate":4845713.090909091,"standard_error":1575.9838397059614},"median_abs_dev":{"confidence_interval":{"confidence_level":0.95,"lower_bound":7798.475861549377,"upper_bound":15038.887614824429},"point_estimate":11209.062319181308,"standard_error":1786.8395095063224},"slope":null,"std_dev":{"confidence_interval":{"confidence_level":0.95,"lower_bound":18862.0795399865,"upper_bound":31025.95493858643},"point_estimate":25290.445067806522,"standard_error":3105.279344112958}}