{"mean":{"confidence_interval":{"confidence_level":0.95,"lower_bound":-0.4490405006161649,"upper_bound":-0.44576101859059},"point_estimate":-0.4475351521215627,"standard_error":0.000836364324872545},"median":{"confidence_interval":{"confidence_level":0.95,"lower_bound":-0.4493003375074077,"upper_bound":-0.44670589147317874},"point_estimate":-0.44852416941211104,"standard_error":0.0005482773644965222}}