{"mean":{"confidence_interval":{"confidence_level":0.95,"lower_bound":-0.43277655354233335,"upper_bound":-0.4295045553365761},"point_estimate":-0.4312026912318543,"standard_error":0.0008404954768562529},"median":{"confidence_interval":{"confidence_level":0.95,"lower_bound":-0.43379620598388335,"upper_bound":-0.430743029412498},"point_estimate":-0.4321276740206127,"standard_error":0.0008187935017069244}}