{"mean":{"confidence_interval":{"confidence_level":0.95,"lower_bound":-0.3859102104290268,"upper_bound":-0.38210921697335026},"point_estimate":-0.38409269316510286,"standard_error":0.0009695704220864232},"median":{"confidence_interval":{"confidence_level":0.95,"lower_bound":-0.3868856683519145,"upper_bound":-0.38219550108940015},"point_estimate":-0.383937674024619,"standard_error":0.0012738653074811483}}