{"mean":{"confidence_interval":{"confidence_level":0.95,"lower_bound":3489821.98835,"upper_bound":3506672.0221333327},"point_estimate":3497141.996,"standard_error":4342.703639350014},"median":{"confidence_interval":{"confidence_level":0.95,"lower_bound":3483317.833333333,"upper_bound":3488295.7666666666},"point_estimate":3485852.033333333,"standard_error":1289.186967745095},"median_abs_dev":{"confidence_interval":{"confidence_level":0.95,"lower_bound":6907.63095736499,"upper_bound":13763.222655653723},"point_estimate":10031.913881897604,"standard_error":1736.3148460155592},"slope":null,"std_dev":{"confidence_interval":{"confidence_level":0.95,"lower_bound":18985.82469823068,"upper_bound":65823.21515563269},"point_estimate":43576.95670765426,"standard_error":12573.505560821302}}