{"mean":{"confidence_interval":{"confidence_level":0.95,"lower_bound":-0.324418478177357,"upper_bound":-0.32261666402694084},"point_estimate":-0.3234665217860313,"standard_error":0.00045672308999603615},"median":{"confidence_interval":{"confidence_level":0.95,"lower_bound":-0.3239250250451633,"upper_bound":-0.3229138615898979},"point_estimate":-0.3233793011864732,"standard_error":0.0002558421930749722}}