{"mean":{"confidence_interval":{"confidence_level":0.95,"lower_bound":-0.4105094783650389,"upper_bound":-0.40830784893786837},"point_estimate":-0.40945515914145925,"standard_error":0.0005492428971368772},"median":{"confidence_interval":{"confidence_level":0.95,"lower_bound":-0.410901379111426,"upper_bound":-0.40977409468937265},"point_estimate":-0.41035923059304147,"standard_error":0.0002779967118058822}}