{"mean":{"confidence_interval":{"confidence_level":0.95,"lower_bound":-0.4256042514824328,"upper_bound":-0.4231744615902862},"point_estimate":-0.4243581774692523,"standard_error":0.0006198130773493111},"median":{"confidence_interval":{"confidence_level":0.95,"lower_bound":-0.42580772665594013,"upper_bound":-0.42303573997010824},"point_estimate":-0.42425014334085254,"standard_error":0.0007983902908247174}}