{"mean":{"confidence_interval":{"confidence_level":0.95,"lower_bound":-0.31298507998962105,"upper_bound":-0.31134243294765473},"point_estimate":-0.3121823837500082,"standard_error":0.00041698216741089405},"median":{"confidence_interval":{"confidence_level":0.95,"lower_bound":-0.3124776157014134,"upper_bound":-0.3112454084092776},"point_estimate":-0.31201176590777124,"standard_error":0.0003115598481937962}}