{"mean":{"confidence_interval":{"confidence_level":0.95,"lower_bound":-0.4491999765969634,"upper_bound":-0.445833838877857},"point_estimate":-0.44752095962883154,"standard_error":0.0008537993345729085},"median":{"confidence_interval":{"confidence_level":0.95,"lower_bound":-0.44986783597113456,"upper_bound":-0.44392372969551275},"point_estimate":-0.44800210392876305,"standard_error":0.001867651156256283}}