{"mean":{"confidence_interval":{"confidence_level":0.95,"lower_bound":-0.47675842877279895,"upper_bound":-0.4738832652140978},"point_estimate":-0.4752785086782879,"standard_error":0.0007319174086987753},"median":{"confidence_interval":{"confidence_level":0.95,"lower_bound":-0.47599576120372245,"upper_bound":-0.4742402446094893},"point_estimate":-0.4747726024500081,"standard_error":0.0005233050495700166}}