{"mean":{"confidence_interval":{"confidence_level":0.95,"lower_bound":-0.4528141721464466,"upper_bound":-0.44753962983974244},"point_estimate":-0.4497213011889527,"standard_error":0.001366482995720613},"median":{"confidence_interval":{"confidence_level":0.95,"lower_bound":-0.4504852646072919,"upper_bound":-0.44625384049205197},"point_estimate":-0.4479123264723768,"standard_error":0.0011022363039669871}}