{"mean":{"confidence_interval":{"confidence_level":0.95,"lower_bound":-0.4469098817384787,"upper_bound":-0.4442862386670456},"point_estimate":-0.44560016110654443,"standard_error":0.0006658533819901823},"median":{"confidence_interval":{"confidence_level":0.95,"lower_bound":-0.44662606859007314,"upper_bound":-0.4451198399702613},"point_estimate":-0.4457277354287078,"standard_error":0.0003668016565288297}}