{"mean":{"confidence_interval":{"confidence_level":0.95,"lower_bound":-0.4386836123437475,"upper_bound":-0.4369010784009551},"point_estimate":-0.4377758058168115,"standard_error":0.00045288109933612063},"median":{"confidence_interval":{"confidence_level":0.95,"lower_bound":-0.438966469151877,"upper_bound":-0.4366411603299739},"point_estimate":-0.43775559206481485,"standard_error":0.0005288018125233252}}