{"mean":{"confidence_interval":{"confidence_level":0.95,"lower_bound":-0.4684298063774825,"upper_bound":-0.46715967920103874},"point_estimate":-0.4677892862233405,"standard_error":0.0003230849403564271},"median":{"confidence_interval":{"confidence_level":0.95,"lower_bound":-0.4674615129729396,"upper_bound":-0.4666103128586002},"point_estimate":-0.46711663209086296,"standard_error":0.0002237312521890198}}