{"mean":{"confidence_interval":{"confidence_level":0.95,"lower_bound":-0.5188352359399381,"upper_bound":-0.5153143988085446},"point_estimate":-0.516927176641953,"standard_error":0.0009066341835445959},"median":{"confidence_interval":{"confidence_level":0.95,"lower_bound":-0.5180046908813449,"upper_bound":-0.5142528103110802},"point_estimate":-0.5152974388869489,"standard_error":0.0009745739264336236}}