{"mean":{"confidence_interval":{"confidence_level":0.95,"lower_bound":-0.3632303150123924,"upper_bound":-0.34969812192374544},"point_estimate":-0.3559701052704288,"standard_error":0.003480539492306252},"median":{"confidence_interval":{"confidence_level":0.95,"lower_bound":-0.35183696766444994,"upper_bound":-0.3490030207423934},"point_estimate":-0.3505083463420129,"standard_error":0.0009079279704751688}}