{"mean":{"confidence_interval":{"confidence_level":0.95,"lower_bound":0.9758126463064686,"upper_bound":0.9877397966538949},"point_estimate":0.9819167554093711,"standard_error":0.003036306075389244},"median":{"confidence_interval":{"confidence_level":0.95,"lower_bound":0.9725795850958354,"upper_bound":0.9943087722286565},"point_estimate":0.9874072762321027,"standard_error":0.006925830303637466}}