{"mean":{"confidence_interval":{"confidence_level":0.95,"lower_bound":-0.3874287405698514,"upper_bound":-0.3829856924651972},"point_estimate":-0.38506388464355346,"standard_error":0.0011388000638428463},"median":{"confidence_interval":{"confidence_level":0.95,"lower_bound":-0.38616862972885546,"upper_bound":-0.3823575627592978},"point_estimate":-0.3838120886691815,"standard_error":0.0008349709187261971}}