{"mean":{"confidence_interval":{"confidence_level":0.95,"lower_bound":-0.05521013896491905,"upper_bound":-0.052784617444267656},"point_estimate":-0.053986412237524095,"standard_error":0.0006207093181000778},"median":{"confidence_interval":{"confidence_level":0.95,"lower_bound":-0.055452606099949175,"upper_bound":-0.05299916655263459},"point_estimate":-0.05443417191413957,"standard_error":0.0005768431614488001}}