{"mean":{"confidence_interval":{"confidence_level":0.95,"lower_bound":-0.43892989535809057,"upper_bound":-0.43750355176231187},"point_estimate":-0.43821777458292643,"standard_error":0.00036340935350688666},"median":{"confidence_interval":{"confidence_level":0.95,"lower_bound":-0.439129447869706,"upper_bound":-0.43739161089835954},"point_estimate":-0.43830228671474536,"standard_error":0.0005455275063978816}}