{"mean":{"confidence_interval":{"confidence_level":0.95,"lower_bound":4513424.826666666,"upper_bound":4522078.769208331},"point_estimate":4517330.8183333315,"standard_error":2213.6988541682827},"median":{"confidence_interval":{"confidence_level":0.95,"lower_bound":4507395.333333333,"upper_bound":4514217.25},"point_estimate":4510760.125,"standard_error":1636.9720348727606},"median_abs_dev":{"confidence_interval":{"confidence_level":0.95,"lower_bound":7430.482193082341,"upper_bound":14285.389733258153},"point_estimate":10256.13241791702,"standard_error":1715.1203658341306},"slope":null,"std_dev":{"confidence_interval":{"confidence_level":0.95,"lower_bound":13312.094142065136,"upper_bound":31561.447771937932},"point_estimate":22228.09735125066,"standard_error":5092.182182310637}}