{"mean":{"confidence_interval":{"confidence_level":0.95,"lower_bound":-0.052037555939321634,"upper_bound":-0.04982273613048031},"point_estimate":-0.050992245214608434,"standard_error":0.0005656500255264853},"median":{"confidence_interval":{"confidence_level":0.95,"lower_bound":-0.05122601066327093,"upper_bound":-0.049761677147977926},"point_estimate":-0.050383505665343775,"standard_error":0.0003459073113680652}}