{"mean":{"confidence_interval":{"confidence_level":0.95,"lower_bound":-0.43052071092414196,"upper_bound":-0.4276106502054044},"point_estimate":-0.4290486748779805,"standard_error":0.0007370065385932717},"median":{"confidence_interval":{"confidence_level":0.95,"lower_bound":-0.43004789734415705,"upper_bound":-0.4285635878643963},"point_estimate":-0.4294183663148953,"standard_error":0.00039292458066593293}}