{"mean":{"confidence_interval":{"confidence_level":0.95,"lower_bound":-0.5178758590858302,"upper_bound":-0.5142873758071326},"point_estimate":-0.5161819021117218,"standard_error":0.0009019090159704435},"median":{"confidence_interval":{"confidence_level":0.95,"lower_bound":-0.5180865709345559,"upper_bound":-0.5138341256799565},"point_estimate":-0.5164343772368314,"standard_error":0.0010147495823233928}}