{"mean":{"confidence_interval":{"confidence_level":0.95,"lower_bound":-0.45745556546009924,"upper_bound":-0.45387919867893645},"point_estimate":-0.4556109645583599,"standard_error":0.0009156171399809851},"median":{"confidence_interval":{"confidence_level":0.95,"lower_bound":-0.4568560258608023,"upper_bound":-0.4532784542825856},"point_estimate":-0.454941940332783,"standard_error":0.0009409922314943347}}