{"mean":{"confidence_interval":{"confidence_level":0.95,"lower_bound":0.9493399179088107,"upper_bound":0.9837795828175944},"point_estimate":0.9675648319056618,"standard_error":0.008787654585596112},"median":{"confidence_interval":{"confidence_level":0.95,"lower_bound":0.988782921464036,"upper_bound":1.0042124042657932},"point_estimate":0.998417510222257,"standard_error":0.0044982471725792655}}