{"mean":{"confidence_interval":{"confidence_level":0.95,"lower_bound":-0.43426888730647584,"upper_bound":-0.4311351748990138},"point_estimate":-0.43264946560101536,"standard_error":0.000800506070855296},"median":{"confidence_interval":{"confidence_level":0.95,"lower_bound":-0.4343341424105108,"upper_bound":-0.43043613290229843},"point_estimate":-0.4324176911611216,"standard_error":0.0010006736801319654}}