{"mean":{"confidence_interval":{"confidence_level":0.95,"lower_bound":-0.505418229384351,"upper_bound":-0.5000436117379674},"point_estimate":-0.5025200181445726,"standard_error":0.0013775280473413971},"median":{"confidence_interval":{"confidence_level":0.95,"lower_bound":-0.49945563774096036,"upper_bound":-0.4957959125375948},"point_estimate":-0.49696983296831043,"standard_error":0.0009342045636564796}}