{"mean":{"confidence_interval":{"confidence_level":0.95,"lower_bound":1.097906808155308,"upper_bound":1.1042472948133517},"point_estimate":1.1011623130140848,"standard_error":0.001616158853859148},"median":{"confidence_interval":{"confidence_level":0.95,"lower_bound":1.1015128644378565,"upper_bound":1.1061342624708357},"point_estimate":1.1032716964840237,"standard_error":0.0011652901898797268}}