{"mean":{"confidence_interval":{"confidence_level":0.95,"lower_bound":-0.4334187541459288,"upper_bound":-0.43216765744861735},"point_estimate":-0.4328137352375613,"standard_error":0.00031927032594871477},"median":{"confidence_interval":{"confidence_level":0.95,"lower_bound":-0.4337110116404015,"upper_bound":-0.43229801072667706},"point_estimate":-0.4330107352782636,"standard_error":0.00035272121475097987}}