{"mean":{"confidence_interval":{"confidence_level":0.95,"lower_bound":-0.43849232192641424,"upper_bound":-0.43566864734489896},"point_estimate":-0.4370802519199255,"standard_error":0.0007315153096080155},"median":{"confidence_interval":{"confidence_level":0.95,"lower_bound":-0.4393784801693761,"upper_bound":-0.4362773078032999},"point_estimate":-0.4386005902531964,"standard_error":0.0009239210639995159}}