{"mean":{"confidence_interval":{"confidence_level":0.95,"lower_bound":-0.3232621737618973,"upper_bound":-0.32018922046533016},"point_estimate":-0.32160957920147415,"standard_error":0.0007823979581831247},"median":{"confidence_interval":{"confidence_level":0.95,"lower_bound":-0.321558774778096,"upper_bound":-0.32004497536288623},"point_estimate":-0.32097275343106757,"standard_error":0.00038461316052602575}}