{"mean":{"confidence_interval":{"confidence_level":0.95,"lower_bound":-0.43603608970988356,"upper_bound":-0.43313976235641916},"point_estimate":-0.4344464004569236,"standard_error":0.0007268830693811927},"median":{"confidence_interval":{"confidence_level":0.95,"lower_bound":-0.43544019025977654,"upper_bound":-0.4326727664806168},"point_estimate":-0.4344341536837186,"standard_error":0.0006984457494156329}}