{"mean":{"confidence_interval":{"confidence_level":0.95,"lower_bound":4356717.026854166,"upper_bound":4376004.895458334},"point_estimate":4365898.841666669,"standard_error":4927.57090585591},"median":{"confidence_interval":{"confidence_level":0.95,"lower_bound":4339299.916666666,"upper_bound":4357396.208333334},"point_estimate":4349084.666666666,"standard_error":5551.075879049683},"median_abs_dev":{"confidence_interval":{"confidence_level":0.95,"lower_bound":16792.907979989955,"upper_bound":37180.88923990772},"point_estimate":26698.845651000738,"standard_error":5908.812296031249},"slope":null,"std_dev":{"confidence_interval":{"confidence_level":0.95,"lower_bound":37235.52743448959,"upper_bound":60593.16858247668},"point_estimate":49473.57210875164,"standard_error":5995.461920540946}}