{"mean":{"confidence_interval":{"confidence_level":0.95,"lower_bound":-0.4556054449677991,"upper_bound":-0.44980585827042474},"point_estimate":-0.45214173402646574,"standard_error":0.001528791322982756},"median":{"confidence_interval":{"confidence_level":0.95,"lower_bound":-0.4516092559434897,"upper_bound":-0.4494853273442727},"point_estimate":-0.45082582177173025,"standard_error":0.0005742984734445924}}