{"mean":{"confidence_interval":{"confidence_level":0.95,"lower_bound":-0.3852457551079616,"upper_bound":-0.38206439205858955},"point_estimate":-0.38355037616158416,"standard_error":0.0008173284372591719},"median":{"confidence_interval":{"confidence_level":0.95,"lower_bound":-0.38423481453405306,"upper_bound":-0.3811695159444902},"point_estimate":-0.38261555162227323,"standard_error":0.0007330226128506225}}