{"mean":{"confidence_interval":{"confidence_level":0.95,"lower_bound":175425.1107480637,"upper_bound":175496.88791302824},"point_estimate":175461.4094278846,"standard_error":18.343033581103743},"median":{"confidence_interval":{"confidence_level":0.95,"lower_bound":175425.4358974359,"upper_bound":175499.7123602893},"point_estimate":175455.60113960115,"standard_error":23.440694265412876},"median_abs_dev":{"confidence_interval":{"confidence_level":0.95,"lower_bound":11.742831415467196,"upper_bound":138.42246079036545},"point_estimate":49.314702543297564,"standard_error":30.222562300614708},"slope":{"confidence_interval":{"confidence_level":0.95,"lower_bound":175402.5299634895,"upper_bound":175495.49528561812},"point_estimate":175448.8181175903,"standard_error":23.872576599809484},"std_dev":{"confidence_interval":{"confidence_level":0.95,"lower_bound":45.42484072506909,"upper_bound":92.48853468309308},"point_estimate":73.54222290156684,"standard_error":12.088859159200267}}