{"mean":{"confidence_interval":{"confidence_level":0.95,"lower_bound":-0.5118785341636009,"upper_bound":-0.5097725127072535},"point_estimate":-0.5107784151041865,"standard_error":0.0005419660651967364},"median":{"confidence_interval":{"confidence_level":0.95,"lower_bound":-0.5123580377537018,"upper_bound":-0.5094670257601064},"point_estimate":-0.5104550017252385,"standard_error":0.0007222378122576013}}