{"mean":{"confidence_interval":{"confidence_level":0.95,"lower_bound":-0.4024796639710439,"upper_bound":-0.38561810501052957},"point_estimate":-0.39635468560564624,"standard_error":0.004930814137277124},"median":{"confidence_interval":{"confidence_level":0.95,"lower_bound":-0.40282471161878963,"upper_bound":-0.4008208451127325},"point_estimate":-0.4018637745074529,"standard_error":0.0004978102158817858}}