{"mean":{"confidence_interval":{"confidence_level":0.95,"lower_bound":-0.421750924111176,"upper_bound":-0.4186245595497139},"point_estimate":-0.4201909015676998,"standard_error":0.0008007675017462816},"median":{"confidence_interval":{"confidence_level":0.95,"lower_bound":-0.4220432013139933,"upper_bound":-0.41802299898643847},"point_estimate":-0.42075818728335923,"standard_error":0.0011863234755220187}}