{"mean":{"confidence_interval":{"confidence_level":0.95,"lower_bound":-0.41994241498125906,"upper_bound":-0.417175992376209},"point_estimate":-0.4185839844524901,"standard_error":0.0007059408180760729},"median":{"confidence_interval":{"confidence_level":0.95,"lower_bound":-0.42007525298655535,"upper_bound":-0.41745588808386713},"point_estimate":-0.4188298398458128,"standard_error":0.0006417267298766541}}