{"mean":{"confidence_interval":{"confidence_level":0.95,"lower_bound":-0.4185171094062887,"upper_bound":-0.4162622561724538},"point_estimate":-0.41739162004090224,"standard_error":0.0005739836274731367},"median":{"confidence_interval":{"confidence_level":0.95,"lower_bound":-0.4189282402917459,"upper_bound":-0.41586016863095054},"point_estimate":-0.41725614476810047,"standard_error":0.0007825107392501494}}