{"mean":{"confidence_interval":{"confidence_level":0.95,"lower_bound":-0.3767658184718011,"upper_bound":-0.37400296271779215},"point_estimate":-0.37545390482393026,"standard_error":0.0007030208611830043},"median":{"confidence_interval":{"confidence_level":0.95,"lower_bound":-0.37887109065871516,"upper_bound":-0.37588774137032976},"point_estimate":-0.3777210066333979,"standard_error":0.0008067817601911004}}