{"mean":{"confidence_interval":{"confidence_level":0.95,"lower_bound":-0.517835848074006,"upper_bound":-0.5158898669440104},"point_estimate":-0.5169093284888351,"standard_error":0.0004941295946035069},"median":{"confidence_interval":{"confidence_level":0.95,"lower_bound":-0.5183903330996886,"upper_bound":-0.5156973429986087},"point_estimate":-0.5168281360904694,"standard_error":0.0007222488889540707}}