{"mean":{"confidence_interval":{"confidence_level":0.95,"lower_bound":-0.4835775160428284,"upper_bound":-0.48243457584221716},"point_estimate":-0.48303559254139805,"standard_error":0.0002903735962016609},"median":{"confidence_interval":{"confidence_level":0.95,"lower_bound":-0.48353400021172455,"upper_bound":-0.48258699855395826},"point_estimate":-0.4830304484156256,"standard_error":0.00023842912593897468}}