{"mean":{"confidence_interval":{"confidence_level":0.95,"lower_bound":-0.43878936410566216,"upper_bound":-0.43365317467304965},"point_estimate":-0.43603340703514615,"standard_error":0.0013107937435649494},"median":{"confidence_interval":{"confidence_level":0.95,"lower_bound":-0.43675774247044286,"upper_bound":-0.4340678438444189},"point_estimate":-0.4351817942629068,"standard_error":0.0007533533007076866}}