{"mean":{"confidence_interval":{"confidence_level":0.95,"lower_bound":-0.42162581542014976,"upper_bound":-0.418553629801169},"point_estimate":-0.42012904941342943,"standard_error":0.0007894535087398457},"median":{"confidence_interval":{"confidence_level":0.95,"lower_bound":-0.4223099174192949,"upper_bound":-0.4177622070073308},"point_estimate":-0.42001348424752394,"standard_error":0.001218223686593274}}