{"mean":{"confidence_interval":{"confidence_level":0.95,"lower_bound":-0.22830863966367856,"upper_bound":-0.22555764600034847},"point_estimate":-0.22698565466135767,"standard_error":0.0007053747479549592},"median":{"confidence_interval":{"confidence_level":0.95,"lower_bound":-0.22863856210627176,"upper_bound":-0.22664535756461368},"point_estimate":-0.22786738900380865,"standard_error":0.0004964469610608475}}