{"mean":{"confidence_interval":{"confidence_level":0.95,"lower_bound":-0.4287912830881324,"upper_bound":-0.42741320610232797},"point_estimate":-0.4281053032413733,"standard_error":0.00034929133371358997},"median":{"confidence_interval":{"confidence_level":0.95,"lower_bound":-0.4290380869400139,"upper_bound":-0.42732801285358224},"point_estimate":-0.42847872202909576,"standard_error":0.0004326924686928526}}