{"mean":{"confidence_interval":{"confidence_level":0.95,"lower_bound":-0.06541142229039885,"upper_bound":-0.06049608574758186},"point_estimate":-0.0627780072244587,"standard_error":0.0012651823662975493},"median":{"confidence_interval":{"confidence_level":0.95,"lower_bound":-0.06431727893716688,"upper_bound":-0.06274241224317223},"point_estimate":-0.06345650763470045,"standard_error":0.00039999125416997504}}