{"mean":{"confidence_interval":{"confidence_level":0.95,"lower_bound":-0.3852673104266183,"upper_bound":-0.38227411252056964},"point_estimate":-0.3836118260357845,"standard_error":0.0007684849385989245},"median":{"confidence_interval":{"confidence_level":0.95,"lower_bound":-0.38433565990797436,"upper_bound":-0.3822730013169191},"point_estimate":-0.3832973170334235,"standard_error":0.0005139161255238036}}