{"mean":{"confidence_interval":{"confidence_level":0.95,"lower_bound":1.0351612461404596,"upper_bound":1.0926937643659385},"point_estimate":1.0669389517610766,"standard_error":0.014797791179992519},"median":{"confidence_interval":{"confidence_level":0.95,"lower_bound":1.0584150241923944,"upper_bound":1.0901941843763039},"point_estimate":1.0742766635129994,"standard_error":0.009056261315934516}}