{"mean":{"confidence_interval":{"confidence_level":0.95,"lower_bound":-0.4389146902346799,"upper_bound":-0.43631776214720963},"point_estimate":-0.43778936313209393,"standard_error":0.0006714156364562058},"median":{"confidence_interval":{"confidence_level":0.95,"lower_bound":-0.4392748742435591,"upper_bound":-0.43822748235562137},"point_estimate":-0.4387454025351839,"standard_error":0.0002606950556042979}}