{"mean":{"confidence_interval":{"confidence_level":0.95,"lower_bound":-0.43909996862548745,"upper_bound":-0.437080811828252},"point_estimate":-0.43812351414272577,"standard_error":0.0005167255419765935},"median":{"confidence_interval":{"confidence_level":0.95,"lower_bound":-0.43958242955953275,"upper_bound":-0.43708320416400215},"point_estimate":-0.43862563183247916,"standard_error":0.0007515432446734621}}