{"mean":{"confidence_interval":{"confidence_level":0.95,"lower_bound":137089.8088404032,"upper_bound":137471.31091878572},"point_estimate":137294.9752540711,"standard_error":97.43556869334708},"median":{"confidence_interval":{"confidence_level":0.95,"lower_bound":137237.05,"upper_bound":137557.1236158192},"point_estimate":137363.18101694915,"standard_error":73.7957076772605},"median_abs_dev":{"confidence_interval":{"confidence_level":0.95,"lower_bound":64.99693155795327,"upper_bound":570.3971505096997},"point_estimate":187.00184240888208,"standard_error":123.65640829927979},"slope":{"confidence_interval":{"confidence_level":0.95,"lower_bound":137288.33105305157,"upper_bound":137518.26799736262},"point_estimate":137409.0853116457,"standard_error":58.68457268774795},"std_dev":{"confidence_interval":{"confidence_level":0.95,"lower_bound":180.46210619236538,"upper_bound":535.5831243441314},"point_estimate":391.5743444566872,"standard_error":94.73895516971291}}