{"mean":{"confidence_interval":{"confidence_level":0.95,"lower_bound":-0.06433209350936521,"upper_bound":-0.061436866673247964},"point_estimate":-0.06300125737157536,"standard_error":0.0007345811427812686},"median":{"confidence_interval":{"confidence_level":0.95,"lower_bound":-0.06391062213071896,"upper_bound":-0.06213432456276491},"point_estimate":-0.06265785337255314,"standard_error":0.00045194855511492373}}