{"mean":{"confidence_interval":{"confidence_level":0.95,"lower_bound":-0.3815520256882686,"upper_bound":-0.37961881143288456},"point_estimate":-0.3805814969370056,"standard_error":0.0004941806299837459},"median":{"confidence_interval":{"confidence_level":0.95,"lower_bound":-0.3815933052509678,"upper_bound":-0.37917809841906736},"point_estimate":-0.3810124015756148,"standard_error":0.0006415711447127517}}