{"mean":{"confidence_interval":{"confidence_level":0.95,"lower_bound":-0.44890296230400145,"upper_bound":-0.44659559136289817},"point_estimate":-0.44779436582840026,"standard_error":0.0005822200632131069},"median":{"confidence_interval":{"confidence_level":0.95,"lower_bound":-0.4497904808697293,"upper_bound":-0.44714072889208756},"point_estimate":-0.44807637870289885,"standard_error":0.0006959274533409531}}