{"mean":{"confidence_interval":{"confidence_level":0.95,"lower_bound":-0.07656769379363071,"upper_bound":-0.07422876084438701},"point_estimate":-0.07550358206647767,"standard_error":0.000596042200625637},"median":{"confidence_interval":{"confidence_level":0.95,"lower_bound":-0.0767407573123019,"upper_bound":-0.07529080888370399},"point_estimate":-0.0760189798322749,"standard_error":0.00037254262444894417}}