{"mean":{"confidence_interval":{"confidence_level":0.95,"lower_bound":-0.4523606574231819,"upper_bound":-0.4503905030939244},"point_estimate":-0.45141887242035517,"standard_error":0.0005020258423136617},"median":{"confidence_interval":{"confidence_level":0.95,"lower_bound":-0.4527405573436163,"upper_bound":-0.45050755634694584},"point_estimate":-0.4517946641435773,"standard_error":0.0005653514609605466}}