{"mean":{"confidence_interval":{"confidence_level":0.95,"lower_bound":-0.23615681182906798,"upper_bound":-0.23267703364631262},"point_estimate":-0.2344657312932158,"standard_error":0.0008859546258380212},"median":{"confidence_interval":{"confidence_level":0.95,"lower_bound":-0.23604573522891414,"upper_bound":-0.23408169069967869},"point_estimate":-0.23505618485539592,"standard_error":0.0005122609668875837}}