{"mean":{"confidence_interval":{"confidence_level":0.95,"lower_bound":-0.44965582730720416,"upper_bound":-0.4473515169871265},"point_estimate":-0.44847952038121364,"standard_error":0.000589600516013031},"median":{"confidence_interval":{"confidence_level":0.95,"lower_bound":-0.4493808931951231,"upper_bound":-0.4468452095842719},"point_estimate":-0.44818079357978025,"standard_error":0.000712629586152135}}