{"mean":{"confidence_interval":{"confidence_level":0.95,"lower_bound":-0.43774448907591296,"upper_bound":-0.43278629433106147},"point_estimate":-0.4354170187933921,"standard_error":0.0012621687360621966},"median":{"confidence_interval":{"confidence_level":0.95,"lower_bound":-0.4388423025905309,"upper_bound":-0.43550594051206304},"point_estimate":-0.4377223769141696,"standard_error":0.0009222869727970365}}