{"mean":{"confidence_interval":{"confidence_level":0.95,"lower_bound":-0.4848704035525915,"upper_bound":-0.48317942344443837},"point_estimate":-0.4840282078234881,"standard_error":0.0004301368348369178},"median":{"confidence_interval":{"confidence_level":0.95,"lower_bound":-0.4838817202682474,"upper_bound":-0.48292150751687046},"point_estimate":-0.48338694366852175,"standard_error":0.00024434138532643685}}