{"mean":{"confidence_interval":{"confidence_level":0.95,"lower_bound":-0.44868223344691494,"upper_bound":-0.445228966545943},"point_estimate":-0.4469104822607284,"standard_error":0.0008849953759769259},"median":{"confidence_interval":{"confidence_level":0.95,"lower_bound":-0.44871077252221014,"upper_bound":-0.444725744987152},"point_estimate":-0.44693646278222976,"standard_error":0.0009295522107202875}}