{"mean":{"confidence_interval":{"confidence_level":0.95,"lower_bound":-0.06163957617945628,"upper_bound":-0.05891532978139323},"point_estimate":-0.060301265272899696,"standard_error":0.000693352578977533},"median":{"confidence_interval":{"confidence_level":0.95,"lower_bound":-0.06092761294209901,"upper_bound":-0.05845685550892643},"point_estimate":-0.05971556912528231,"standard_error":0.000621891201039467}}