{"mean":{"confidence_interval":{"confidence_level":0.95,"lower_bound":-0.42937926856068126,"upper_bound":-0.4249393264442158},"point_estimate":-0.42724811626838266,"standard_error":0.001139099618781649},"median":{"confidence_interval":{"confidence_level":0.95,"lower_bound":-0.4303875680552044,"upper_bound":-0.42636850271472815},"point_estimate":-0.4293772581193155,"standard_error":0.001203068056528369}}