{"mean":{"confidence_interval":{"confidence_level":0.95,"lower_bound":-0.44038579202635686,"upper_bound":-0.4386739126584014},"point_estimate":-0.43954066467244357,"standard_error":0.0004377021410071158},"median":{"confidence_interval":{"confidence_level":0.95,"lower_bound":-0.44077012473137245,"upper_bound":-0.4386213077412944},"point_estimate":-0.43959987468305606,"standard_error":0.0005230299244409525}}