{"mean":{"confidence_interval":{"confidence_level":0.95,"lower_bound":0.03374950616759374,"upper_bound":0.036372638094276384},"point_estimate":0.03507158931522647,"standard_error":0.0006679093779575873},"median":{"confidence_interval":{"confidence_level":0.95,"lower_bound":0.03388324266091991,"upper_bound":0.03584559841753365},"point_estimate":0.035176391255306694,"standard_error":0.0005245545053231441}}