{"mean":{"confidence_interval":{"confidence_level":0.95,"lower_bound":0.028855260193488486,"upper_bound":0.03161689116289065},"point_estimate":0.03029626302006161,"standard_error":0.0007050031210609129},"median":{"confidence_interval":{"confidence_level":0.95,"lower_bound":0.030218553481859978,"upper_bound":0.03289552309966437},"point_estimate":0.031787504908159514,"standard_error":0.0006334365358560785}}