{"mean":{"confidence_interval":{"confidence_level":0.95,"lower_bound":-0.06466460077792197,"upper_bound":-0.05006807426656864},"point_estimate":-0.05989743073284204,"standard_error":0.0037403943381881808},"median":{"confidence_interval":{"confidence_level":0.95,"lower_bound":-0.063932162565844,"upper_bound":-0.06202441223856958},"point_estimate":-0.0630659719921729,"standard_error":0.0005057095570908009}}