{"mean":{"confidence_interval":{"confidence_level":0.95,"lower_bound":-0.06304545523146284,"upper_bound":-0.05863694772313538},"point_estimate":-0.06094411329582761,"standard_error":0.0011304638247514336},"median":{"confidence_interval":{"confidence_level":0.95,"lower_bound":-0.06535004298798852,"upper_bound":-0.059754835772547144},"point_estimate":-0.06266516207935147,"standard_error":0.0016325345514105758}}