{"mean":{"confidence_interval":{"confidence_level":0.95,"lower_bound":-0.4172786125814268,"upper_bound":-0.414046568387772},"point_estimate":-0.41578095810556726,"standard_error":0.0008173799055276687},"median":{"confidence_interval":{"confidence_level":0.95,"lower_bound":-0.4172216411156935,"upper_bound":-0.4138307104034681},"point_estimate":-0.41563558969977077,"standard_error":0.0008203015947117954}}