{"mean":{"confidence_interval":{"confidence_level":0.95,"lower_bound":-0.451834215343904,"upper_bound":-0.4497377715282108},"point_estimate":-0.45076337575085,"standard_error":0.00053406373708866},"median":{"confidence_interval":{"confidence_level":0.95,"lower_bound":-0.45225201907109047,"upper_bound":-0.4493109441648866},"point_estimate":-0.4511982030126329,"standard_error":0.000723966648257374}}