{"mean":{"confidence_interval":{"confidence_level":0.95,"lower_bound":-0.4283969424987039,"upper_bound":-0.41853672259345664},"point_estimate":-0.424905902721857,"standard_error":0.002813516333940927},"median":{"confidence_interval":{"confidence_level":0.95,"lower_bound":-0.4292550159002846,"upper_bound":-0.4264136297733405},"point_estimate":-0.4275932680392066,"standard_error":0.0008010095837053382}}