{"mean":{"confidence_interval":{"confidence_level":0.95,"lower_bound":-0.43981309889288855,"upper_bound":-0.43503247078494195},"point_estimate":-0.4372011262076191,"standard_error":0.0012277089834055557},"median":{"confidence_interval":{"confidence_level":0.95,"lower_bound":-0.43750106273089795,"upper_bound":-0.4343379721577273},"point_estimate":-0.43539748704645775,"standard_error":0.0009069140114983122}}