{"mean":{"confidence_interval":{"confidence_level":0.95,"lower_bound":4381233.424445933,"upper_bound":4510926.360347834},"point_estimate":4427277.2840249,"standard_error":38971.41196977832},"median":{"confidence_interval":{"confidence_level":0.95,"lower_bound":4378164.038461538,"upper_bound":4394804.88},"point_estimate":4383983.285714285,"standard_error":5554.807162238355},"median_abs_dev":{"confidence_interval":{"confidence_level":0.95,"lower_bound":5506.624685873863,"upper_bound":30876.735775828234},"point_estimate":16019.725695592937,"standard_error":6618.513148579442},"slope":{"confidence_interval":{"confidence_level":0.95,"lower_bound":4377731.415929832,"upper_bound":4391171.071031909},"point_estimate":4382526.510887097,"standard_error":3453.400673297687},"std_dev":{"confidence_interval":{"confidence_level":0.95,"lower_bound":10836.246710890138,"upper_bound":250339.1748720136},"point_estimate":155619.6908397124,"standard_error":85149.6815324598}}