{"mean":{"confidence_interval":{"confidence_level":0.95,"lower_bound":-0.390668755047596,"upper_bound":-0.3872644121792656},"point_estimate":-0.3889999717045717,"standard_error":0.000865714834716764},"median":{"confidence_interval":{"confidence_level":0.95,"lower_bound":-0.3908363353187204,"upper_bound":-0.3874060652135253},"point_estimate":-0.3887168144310088,"standard_error":0.0008925852277009349}}