{"mean":{"confidence_interval":{"confidence_level":0.95,"lower_bound":-0.42456712579353023,"upper_bound":-0.41919922148950517},"point_estimate":-0.42202664967559333,"standard_error":0.0013787014058973632},"median":{"confidence_interval":{"confidence_level":0.95,"lower_bound":-0.42568894667645585,"upper_bound":-0.41874936394812},"point_estimate":-0.4240587059263127,"standard_error":0.001661054063779682}}