{"mean":{"confidence_interval":{"confidence_level":0.95,"lower_bound":296014.20742104837,"upper_bound":296378.4459362008},"point_estimate":296196.6947048049,"standard_error":92.59779668117153},"median":{"confidence_interval":{"confidence_level":0.95,"lower_bound":295995.60351718625,"upper_bound":296361.8098663926},"point_estimate":296212.6201438849,"standard_error":102.05900296664964},"median_abs_dev":{"confidence_interval":{"confidence_level":0.95,"lower_bound":110.09452227693477,"upper_bound":510.60814201402906},"point_estimate":293.34360428854404,"standard_error":101.79394218968643},"slope":{"confidence_interval":{"confidence_level":0.95,"lower_bound":295773.0784326851,"upper_bound":296247.2767970615},"point_estimate":296003.2247215131,"standard_error":123.18886277529255},"std_dev":{"confidence_interval":{"confidence_level":0.95,"lower_bound":187.99368089706746,"upper_bound":502.9620640796566},"point_estimate":371.15272853982094,"standard_error":80.0744360583249}}