{"mean":{"confidence_interval":{"confidence_level":0.95,"lower_bound":-0.45143069511032663,"upper_bound":-0.4468458046804011},"point_estimate":-0.44886213060545543,"standard_error":0.0011778183393102097},"median":{"confidence_interval":{"confidence_level":0.95,"lower_bound":-0.44846378118932095,"upper_bound":-0.4466623081589589},"point_estimate":-0.44760403699099627,"standard_error":0.0005565136637455866}}