{"mean":{"confidence_interval":{"confidence_level":0.95,"lower_bound":2320488.2090795445,"upper_bound":2342312.503863636},"point_estimate":2330589.3440909088,"standard_error":5557.478104146218},"median":{"confidence_interval":{"confidence_level":0.95,"lower_bound":2308011.2727272725,"upper_bound":2315313.1136363638},"point_estimate":2310523.8181818184,"standard_error":1800.2535204881076},"median_abs_dev":{"confidence_interval":{"confidence_level":0.95,"lower_bound":5985.997393727303,"upper_bound":15679.236021637917},"point_estimate":9526.850476319454,"standard_error":2394.9145542346155},"slope":null,"std_dev":{"confidence_interval":{"confidence_level":0.95,"lower_bound":35193.51849096461,"upper_bound":71767.31969554974},"point_estimate":55801.23976059679,"standard_error":9316.494870901452}}