{"mean":{"confidence_interval":{"confidence_level":0.95,"lower_bound":-0.40211925268091164,"upper_bound":-0.39894107215618574},"point_estimate":-0.4006008491758818,"standard_error":0.0008164803013806006},"median":{"confidence_interval":{"confidence_level":0.95,"lower_bound":-0.4029820374518728,"upper_bound":-0.39827431734820595},"point_estimate":-0.4013996207132513,"standard_error":0.0012480841918456743}}