{"mean":{"confidence_interval":{"confidence_level":0.95,"lower_bound":-0.3654038532977488,"upper_bound":-0.3627694689478633},"point_estimate":-0.36413817338812327,"standard_error":0.0006967032254003738},"median":{"confidence_interval":{"confidence_level":0.95,"lower_bound":-0.36690380318546334,"upper_bound":-0.36526084193429637},"point_estimate":-0.3660837324569056,"standard_error":0.00042959920494653914}}