{"mean":{"confidence_interval":{"confidence_level":0.95,"lower_bound":-0.43915211859862463,"upper_bound":-0.4364616515904836},"point_estimate":-0.4377608358956303,"standard_error":0.0006860606853013287},"median":{"confidence_interval":{"confidence_level":0.95,"lower_bound":-0.43892940291339166,"upper_bound":-0.4357677713194392},"point_estimate":-0.43726988105849196,"standard_error":0.0007953176532818049}}