{"mean":{"confidence_interval":{"confidence_level":0.95,"lower_bound":2866941.2975972225,"upper_bound":2878259.38652778},"point_estimate":2872398.225555556,"standard_error":2878.743484965856},"median":{"confidence_interval":{"confidence_level":0.95,"lower_bound":2855974.1666666665,"upper_bound":2862884.888888889},"point_estimate":2859444.222222222,"standard_error":1875.158114772057},"median_abs_dev":{"confidence_interval":{"confidence_level":0.95,"lower_bound":9437.490132451057,"upper_bound":22932.115092873573},"point_estimate":15300.720011690984,"standard_error":3243.7066160908416},"slope":null,"std_dev":{"confidence_interval":{"confidence_level":0.95,"lower_bound":23405.43018648131,"upper_bound":34121.367337914424},"point_estimate":28910.92266196669,"standard_error":2753.6861456763354}}