{"mean":{"confidence_interval":{"confidence_level":0.95,"lower_bound":-0.4197906023393591,"upper_bound":-0.4176953559517683},"point_estimate":-0.4187068866042464,"standard_error":0.0005334448398685726},"median":{"confidence_interval":{"confidence_level":0.95,"lower_bound":-0.4196820112617813,"upper_bound":-0.4174210454259444},"point_estimate":-0.41864904988987717,"standard_error":0.0005585461715825929}}