{"mean":{"confidence_interval":{"confidence_level":0.95,"lower_bound":10037.726479537061,"upper_bound":10050.496077249705},"point_estimate":10044.130053345256,"standard_error":3.253886792534242},"median":{"confidence_interval":{"confidence_level":0.95,"lower_bound":10034.03125,"upper_bound":10048.833870967743},"point_estimate":10040.777887596898,"standard_error":3.7213263428125307},"median_abs_dev":{"confidence_interval":{"confidence_level":0.95,"lower_bound":19.161213296743483,"upper_bound":31.8856925096724},"point_estimate":24.02305965799914,"standard_error":3.445027213079471},"slope":{"confidence_interval":{"confidence_level":0.95,"lower_bound":10027.209544384425,"upper_bound":10045.999525145617},"point_estimate":10036.498988030145,"standard_error":4.7818923793444625},"std_dev":{"confidence_interval":{"confidence_level":0.95,"lower_bound":25.724524455020724,"upper_bound":39.16824456172818},"point_estimate":32.63810815855483,"standard_error":3.4335612192658482}}