{"mean":{"confidence_interval":{"confidence_level":0.95,"lower_bound":-0.06967266158687324,"upper_bound":-0.06531276940555517},"point_estimate":-0.0673253341320702,"standard_error":0.0011148419664882457},"median":{"confidence_interval":{"confidence_level":0.95,"lower_bound":-0.07090802294710419,"upper_bound":-0.06561799704107077},"point_estimate":-0.06913438225934332,"standard_error":0.0015357293224048999}}