{"mean":{"confidence_interval":{"confidence_level":0.95,"lower_bound":-0.48085462589628597,"upper_bound":-0.47798984882011153},"point_estimate":-0.4794239105130056,"standard_error":0.0007289416913729972},"median":{"confidence_interval":{"confidence_level":0.95,"lower_bound":-0.4809107057713413,"upper_bound":-0.47858710964505724},"point_estimate":-0.47995896945896055,"standard_error":0.0005778243726793342}}