{"mean":{"confidence_interval":{"confidence_level":0.95,"lower_bound":-0.4247799390718982,"upper_bound":-0.4228910932877845},"point_estimate":-0.4237961385239418,"standard_error":0.00048116784455909145},"median":{"confidence_interval":{"confidence_level":0.95,"lower_bound":-0.4243300815398624,"upper_bound":-0.422038217951915},"point_estimate":-0.42331304566254024,"standard_error":0.0005446122008624981}}