{"mean":{"confidence_interval":{"confidence_level":0.95,"lower_bound":-0.33699936752641,"upper_bound":-0.33333292414448845},"point_estimate":-0.335392021279998,"standard_error":0.0009270852233132708},"median":{"confidence_interval":{"confidence_level":0.95,"lower_bound":-0.33754814461369886,"upper_bound":-0.3358539986109782},"point_estimate":-0.3368083843861227,"standard_error":0.0004165761703039871}}