{"mean":{"confidence_interval":{"confidence_level":0.95,"lower_bound":1216589.7261588343,"upper_bound":1219240.724014484},"point_estimate":1217893.703949886,"standard_error":672.1932968384153},"median":{"confidence_interval":{"confidence_level":0.95,"lower_bound":1217215.7746478873,"upper_bound":1219158.0735294118},"point_estimate":1218054.308219178,"standard_error":445.2265985370648},"median_abs_dev":{"confidence_interval":{"confidence_level":0.95,"lower_bound":3035.986706746465,"upper_bound":6917.165121595405},"point_estimate":4836.1281263038545,"standard_error":998.3465304314981},"slope":{"confidence_interval":{"confidence_level":0.95,"lower_bound":1215346.0089662427,"upper_bound":1218725.1019628998},"point_estimate":1217062.9337668095,"standard_error":862.5521952395118},"std_dev":{"confidence_interval":{"confidence_level":0.95,"lower_bound":5175.987610641949,"upper_bound":8317.943428586286},"point_estimate":6729.24709332864,"standard_error":812.3461331143561}}