{"mean":{"confidence_interval":{"confidence_level":0.95,"lower_bound":-0.38308672103606456,"upper_bound":-0.38029112889790906},"point_estimate":-0.3817656121131294,"standard_error":0.0007166504372409668},"median":{"confidence_interval":{"confidence_level":0.95,"lower_bound":-0.3843096655636056,"upper_bound":-0.37970785384234296},"point_estimate":-0.38281629113597226,"standard_error":0.0012819992405703222}}