{"mean":{"confidence_interval":{"confidence_level":0.95,"lower_bound":-0.3952781164785721,"upper_bound":-0.39154658861680613},"point_estimate":-0.3932199348263141,"standard_error":0.00095603594150733},"median":{"confidence_interval":{"confidence_level":0.95,"lower_bound":-0.3917810070386897,"upper_bound":-0.3893659637859921},"point_estimate":-0.3902252085162804,"standard_error":0.0005801203324557943}}