{"mean":{"confidence_interval":{"confidence_level":0.95,"lower_bound":-0.38380732854989785,"upper_bound":-0.3768393835833273},"point_estimate":-0.3809583429209653,"standard_error":0.0018060783199853186},"median":{"confidence_interval":{"confidence_level":0.95,"lower_bound":-0.3831756398560582,"upper_bound":-0.3818211459920581},"point_estimate":-0.38245187768394084,"standard_error":0.000365401887176536}}