{"mean":{"confidence_interval":{"confidence_level":0.95,"lower_bound":0.030723937100896208,"upper_bound":0.03315920140924803},"point_estimate":0.031956622675532786,"standard_error":0.0006250031118606395},"median":{"confidence_interval":{"confidence_level":0.95,"lower_bound":0.030682421996776555,"upper_bound":0.03249232481623057},"point_estimate":0.03160919308453192,"standard_error":0.0004849838700772144}}