{"mean":{"confidence_interval":{"confidence_level":0.95,"lower_bound":4197106.795979166,"upper_bound":4275951.247499999},"point_estimate":4231334.979166667,"standard_error":20332.139830053216},"median":{"confidence_interval":{"confidence_level":0.95,"lower_bound":4165337.25,"upper_bound":4180453.0},"point_estimate":4171548.125,"standard_error":3628.7549165786368},"median_abs_dev":{"confidence_interval":{"confidence_level":0.95,"lower_bound":13282.937482930969,"upper_bound":33242.73305982363},"point_estimate":20793.40285584319,"standard_error":4744.853499381964},"slope":null,"std_dev":{"confidence_interval":{"confidence_level":0.95,"lower_bound":59502.635237278264,"upper_bound":301338.33758480905},"point_estimate":203809.57196925173,"standard_error":60770.33604098286}}