{"mean":{"confidence_interval":{"confidence_level":0.95,"lower_bound":-0.435712356072764,"upper_bound":-0.4337623225792349},"point_estimate":-0.4347612051644647,"standard_error":0.0005010168308898465},"median":{"confidence_interval":{"confidence_level":0.95,"lower_bound":-0.4358188656458233,"upper_bound":-0.43385397858272334},"point_estimate":-0.4352916922643384,"standard_error":0.000519146378863712}}