{"mean":{"confidence_interval":{"confidence_level":0.95,"lower_bound":-0.35099415788361643,"upper_bound":-0.3442123674429389},"point_estimate":-0.34837994923446314,"standard_error":0.001862104072091987},"median":{"confidence_interval":{"confidence_level":0.95,"lower_bound":-0.35143400707763583,"upper_bound":-0.3492591735921283},"point_estimate":-0.350515029532503,"standard_error":0.000588001670805702}}