{"mean":{"confidence_interval":{"confidence_level":0.95,"lower_bound":-0.46341441993420557,"upper_bound":-0.4547591342495447},"point_estimate":-0.4599536683003095,"standard_error":0.0022545742488003276},"median":{"confidence_interval":{"confidence_level":0.95,"lower_bound":-0.466551300380866,"upper_bound":-0.4646568068229058},"point_estimate":-0.465784149322264,"standard_error":0.0004780243864166433}}