{"mean":{"confidence_interval":{"confidence_level":0.95,"lower_bound":-0.4396452678036445,"upper_bound":-0.43813321274339695},"point_estimate":-0.4388410258725849,"standard_error":0.00038872982287470976},"median":{"confidence_interval":{"confidence_level":0.95,"lower_bound":-0.43951795733851207,"upper_bound":-0.4380388877539726},"point_estimate":-0.4386763775983106,"standard_error":0.00035816252039098495}}