{"mean":{"confidence_interval":{"confidence_level":0.95,"lower_bound":0.036206353447927275,"upper_bound":0.038685003543436056},"point_estimate":0.037437068005737206,"standard_error":0.0006300887372577283},"median":{"confidence_interval":{"confidence_level":0.95,"lower_bound":0.03535869357763821,"upper_bound":0.038377409222812964},"point_estimate":0.036882220567708845,"standard_error":0.0008394935308572936}}