{"mean":{"confidence_interval":{"confidence_level":0.95,"lower_bound":-0.5162194702803736,"upper_bound":-0.5124431651234713},"point_estimate":-0.5142855245314821,"standard_error":0.0009673319629808105},"median":{"confidence_interval":{"confidence_level":0.95,"lower_bound":-0.5176601287348963,"upper_bound":-0.5123171715702648},"point_estimate":-0.5142303796552421,"standard_error":0.001690849390169952}}