{"mean":{"confidence_interval":{"confidence_level":0.95,"lower_bound":2847744.9946805555,"upper_bound":2852438.951777777},"point_estimate":2850069.490555556,"standard_error":1195.7968491345828},"median":{"confidence_interval":{"confidence_level":0.95,"lower_bound":2847136.111111111,"upper_bound":2850646.5},"point_estimate":2848758.861111111,"standard_error":953.3436898853105},"median_abs_dev":{"confidence_interval":{"confidence_level":0.95,"lower_bound":4639.384784300815,"upper_bound":9926.871673763719},"point_estimate":7383.471418917409,"standard_error":1338.413606446922},"slope":null,"std_dev":{"confidence_interval":{"confidence_level":0.95,"lower_bound":9458.122893919348,"upper_bound":14257.302731457074},"point_estimate":11976.14372942412,"standard_error":1223.2171083877445}}