{"mean":{"confidence_interval":{"confidence_level":0.95,"lower_bound":-0.3597926915503699,"upper_bound":-0.3566698096612022},"point_estimate":-0.35818082552460806,"standard_error":0.0007949661416983558},"median":{"confidence_interval":{"confidence_level":0.95,"lower_bound":-0.3594403573148963,"upper_bound":-0.35502750637967984},"point_estimate":-0.35794589641117924,"standard_error":0.0010774389945016622}}