{"mean":{"confidence_interval":{"confidence_level":0.95,"lower_bound":-0.42666198588320214,"upper_bound":-0.4248418469421742},"point_estimate":-0.42582569139502546,"standard_error":0.00046397093348883616},"median":{"confidence_interval":{"confidence_level":0.95,"lower_bound":-0.4272737343738977,"upper_bound":-0.4255249664385846},"point_estimate":-0.4262614805827881,"standard_error":0.000481877191761741}}