{"mean":{"confidence_interval":{"confidence_level":0.95,"lower_bound":-0.4786133849305641,"upper_bound":-0.46875096017348256},"point_estimate":-0.4731758094452332,"standard_error":0.0025349253598271177},"median":{"confidence_interval":{"confidence_level":0.95,"lower_bound":-0.4720544681652561,"upper_bound":-0.46400472859902675},"point_estimate":-0.4663449276321826,"standard_error":0.0023836177895928635}}