{"mean":{"confidence_interval":{"confidence_level":0.95,"lower_bound":0.9728191834951767,"upper_bound":0.9839213290725319},"point_estimate":0.9785027317134698,"standard_error":0.0028340762875355575},"median":{"confidence_interval":{"confidence_level":0.95,"lower_bound":0.9657704166345182,"upper_bound":0.9908125611070713},"point_estimate":0.9732219117742207,"standard_error":0.00769255964029359}}