{"mean":{"confidence_interval":{"confidence_level":0.95,"lower_bound":-0.3503299601536925,"upper_bound":-0.34650603683062337},"point_estimate":-0.34843405267457916,"standard_error":0.000971448839916628},"median":{"confidence_interval":{"confidence_level":0.95,"lower_bound":-0.3507222034595726,"upper_bound":-0.345597652452898},"point_estimate":-0.34738792793384676,"standard_error":0.0014091650928210896}}