{"mean":{"confidence_interval":{"confidence_level":0.95,"lower_bound":-0.45653740932741826,"upper_bound":-0.4538375607925979},"point_estimate":-0.45518879370111187,"standard_error":0.0006889252485415803},"median":{"confidence_interval":{"confidence_level":0.95,"lower_bound":-0.45657106945375303,"upper_bound":-0.4543781321864764},"point_estimate":-0.4556545526879616,"standard_error":0.0007093418978421252}}