{"mean":{"confidence_interval":{"confidence_level":0.95,"lower_bound":-0.2765423890982179,"upper_bound":-0.27454065413334316},"point_estimate":-0.2755830244529053,"standard_error":0.0005099166195249117},"median":{"confidence_interval":{"confidence_level":0.95,"lower_bound":-0.27666383456495824,"upper_bound":-0.27507126648534086},"point_estimate":-0.2761040124415495,"standard_error":0.000400220434559989}}