{"mean":{"confidence_interval":{"confidence_level":0.95,"lower_bound":-0.4687267497506359,"upper_bound":-0.4631847730831576},"point_estimate":-0.46618338431285933,"standard_error":0.0014167206617726816},"median":{"confidence_interval":{"confidence_level":0.95,"lower_bound":-0.4699222626836903,"upper_bound":-0.4669455245728933},"point_estimate":-0.46873330935801083,"standard_error":0.0008070171492870972}}