{"mean":{"confidence_interval":{"confidence_level":0.95,"lower_bound":-0.4303228970489467,"upper_bound":-0.4233301667375916},"point_estimate":-0.4267643163354148,"standard_error":0.0017862968181789629},"median":{"confidence_interval":{"confidence_level":0.95,"lower_bound":-0.42871521589490713,"upper_bound":-0.4230875508378733},"point_estimate":-0.4242209540975578,"standard_error":0.0015824397457526007}}