{"mean":{"confidence_interval":{"confidence_level":0.95,"lower_bound":7393377.711042159,"upper_bound":7397843.463023369},"point_estimate":7395611.580204857,"standard_error":1133.1288200617184},"median":{"confidence_interval":{"confidence_level":0.95,"lower_bound":7393500.033333333,"upper_bound":7397463.866666666},"point_estimate":7395031.726190476,"standard_error":1065.3763856767303},"median_abs_dev":{"confidence_interval":{"confidence_level":0.95,"lower_bound":908.5249088695381,"upper_bound":5681.583926908682},"point_estimate":3206.457793074718,"standard_error":1125.0099303220818},"slope":{"confidence_interval":{"confidence_level":0.95,"lower_bound":7391369.136636407,"upper_bound":7399875.59516037},"point_estimate":7395594.268817204,"standard_error":2213.5147109454188},"std_dev":{"confidence_interval":{"confidence_level":0.95,"lower_bound":2090.5649766056595,"upper_bound":6303.118522957841},"point_estimate":4561.3086202882505,"standard_error":1060.8154272525442}}