{"mean":{"confidence_interval":{"confidence_level":0.95,"lower_bound":-0.4511708537041797,"upper_bound":-0.4350575722589355},"point_estimate":-0.44473255645589593,"standard_error":0.004066886700927461},"median":{"confidence_interval":{"confidence_level":0.95,"lower_bound":-0.4546181357806876,"upper_bound":-0.4465077361810733},"point_estimate":-0.4509143852511519,"standard_error":0.0024505032595257465}}