{"mean":{"confidence_interval":{"confidence_level":0.95,"lower_bound":-0.35478699758839444,"upper_bound":-0.3514563434738131},"point_estimate":-0.35308059472855846,"standard_error":0.0008629486790859393},"median":{"confidence_interval":{"confidence_level":0.95,"lower_bound":-0.3544746945577796,"upper_bound":-0.3501403154747249},"point_estimate":-0.35259740575526966,"standard_error":0.0010496464648350097}}