{"mean":{"confidence_interval":{"confidence_level":0.95,"lower_bound":-0.35803140386958854,"upper_bound":-0.3479669797535577},"point_estimate":-0.3522587572271031,"standard_error":0.0026129130094157374},"median":{"confidence_interval":{"confidence_level":0.95,"lower_bound":-0.3470110522907408,"upper_bound":-0.34466069193885107},"point_estimate":-0.3454947411609023,"standard_error":0.0005912817967351844}}