{"mean":{"confidence_interval":{"confidence_level":0.95,"lower_bound":-0.4434902933220855,"upper_bound":-0.4392933892899735},"point_estimate":-0.44115324145799195,"standard_error":0.001056900756039333},"median":{"confidence_interval":{"confidence_level":0.95,"lower_bound":-0.44249997465448077,"upper_bound":-0.4386578723560989},"point_estimate":-0.4397262126358725,"standard_error":0.0007423724226870844}}