{"mean":{"confidence_interval":{"confidence_level":0.95,"lower_bound":-0.4574794674658871,"upper_bound":-0.4550354412735614},"point_estimate":-0.4562212716683506,"standard_error":0.0006288701532252228},"median":{"confidence_interval":{"confidence_level":0.95,"lower_bound":-0.45708145809951983,"upper_bound":-0.4544764850363888},"point_estimate":-0.45600037816546635,"standard_error":0.0007312745177288994}}