{"mean":{"confidence_interval":{"confidence_level":0.95,"lower_bound":-0.45713130809686264,"upper_bound":-0.45573265860973033},"point_estimate":-0.45640245780878375,"standard_error":0.00035930655463210407},"median":{"confidence_interval":{"confidence_level":0.95,"lower_bound":-0.45749077853343323,"upper_bound":-0.4554882870542458},"point_estimate":-0.45660095519458055,"standard_error":0.0005138381924352392}}