{"mean":{"confidence_interval":{"confidence_level":0.95,"lower_bound":1.2028418012747908,"upper_bound":1.2174133287240039},"point_estimate":1.2099316157902953,"standard_error":0.0037119036459730874},"median":{"confidence_interval":{"confidence_level":0.95,"lower_bound":1.201579342172892,"upper_bound":1.2111047658796465},"point_estimate":1.2057650197553933,"standard_error":0.0024259208456384723}}