{"mean":{"confidence_interval":{"confidence_level":0.95,"lower_bound":2500644.5316750007,"upper_bound":2506679.417325},"point_estimate":2503623.485500001,"standard_error":1542.7760349222815},"median":{"confidence_interval":{"confidence_level":0.95,"lower_bound":2501493.6,"upper_bound":2504853.175},"point_estimate":2503358.65,"standard_error":837.7246541390191},"median_abs_dev":{"confidence_interval":{"confidence_level":0.95,"lower_bound":4618.582465253102,"upper_bound":10565.600452422957},"point_estimate":6497.865034640181,"standard_error":1557.5728117248452},"slope":null,"std_dev":{"confidence_interval":{"confidence_level":0.95,"lower_bound":12201.191159436541,"upper_bound":18561.84725303179},"point_estimate":15545.119960829566,"standard_error":1625.6022637760366}}