{"mean":{"confidence_interval":{"confidence_level":0.95,"lower_bound":1.0206537080064424,"upper_bound":1.0422291986360015},"point_estimate":1.0305030593793205,"standard_error":0.005489828385210188},"median":{"confidence_interval":{"confidence_level":0.95,"lower_bound":1.0061916717488235,"upper_bound":1.0243554307875102},"point_estimate":1.0179016018056708,"standard_error":0.0048495074079223325}}