{"mean":{"confidence_interval":{"confidence_level":0.95,"lower_bound":-0.516537898231366,"upper_bound":-0.5143682510705875},"point_estimate":-0.5154987244957008,"standard_error":0.0005586617241217137},"median":{"confidence_interval":{"confidence_level":0.95,"lower_bound":-0.5165238860325847,"upper_bound":-0.5153386778453156},"point_estimate":-0.5158778090914242,"standard_error":0.00030302362396043684}}