{"mean":{"confidence_interval":{"confidence_level":0.95,"lower_bound":-0.4569130729760541,"upper_bound":-0.45350750762969794},"point_estimate":-0.4552893135983618,"standard_error":0.0008708721229487331},"median":{"confidence_interval":{"confidence_level":0.95,"lower_bound":-0.45738124262584867,"upper_bound":-0.45368002825851983},"point_estimate":-0.455304339128644,"standard_error":0.0009440000991307489}}