{"mean":{"confidence_interval":{"confidence_level":0.95,"lower_bound":23847.998220669666,"upper_bound":23930.88755992328},"point_estimate":23887.39089000235,"standard_error":21.218641375821207},"median":{"confidence_interval":{"confidence_level":0.95,"lower_bound":23809.470860070694,"upper_bound":23858.153547133137},"point_estimate":23823.958522297806,"standard_error":13.86593769163944},"median_abs_dev":{"confidence_interval":{"confidence_level":0.95,"lower_bound":62.909365127859786,"upper_bound":116.70918244957387},"point_estimate":80.59871646829154,"standard_error":13.413160886741485},"slope":{"confidence_interval":{"confidence_level":0.95,"lower_bound":23809.650546282344,"upper_bound":23877.949670893784},"point_estimate":23842.846854834737,"standard_error":17.430984391606135},"std_dev":{"confidence_interval":{"confidence_level":0.95,"lower_bound":146.0411213262785,"upper_bound":273.4739335320292},"point_estimate":212.20949812630133,"standard_error":32.95015032030306}}