{"mean":{"confidence_interval":{"confidence_level":0.95,"lower_bound":-0.45304144899173726,"upper_bound":-0.44903200316204167},"point_estimate":-0.4510189927320327,"standard_error":0.0010264260403223763},"median":{"confidence_interval":{"confidence_level":0.95,"lower_bound":-0.4531646975820096,"upper_bound":-0.4462185126048237},"point_estimate":-0.44837255039986157,"standard_error":0.002121454801431896}}