{"mean":{"confidence_interval":{"confidence_level":0.95,"lower_bound":0.025677779475715163,"upper_bound":0.03038017203651279},"point_estimate":0.028041496556251877,"standard_error":0.0011983888280905051},"median":{"confidence_interval":{"confidence_level":0.95,"lower_bound":0.026848586171093647,"upper_bound":0.029625636744414985},"point_estimate":0.027658009094449598,"standard_error":0.0006989469376266996}}