{"mean":{"confidence_interval":{"confidence_level":0.95,"lower_bound":-0.35982227286987944,"upper_bound":-0.35776300553212165},"point_estimate":-0.358877946263249,"standard_error":0.0005325293338725751},"median":{"confidence_interval":{"confidence_level":0.95,"lower_bound":-0.36150652031617514,"upper_bound":-0.35978730203891507},"point_estimate":-0.36058093734476515,"standard_error":0.0004676539640641314}}