{"mean":{"confidence_interval":{"confidence_level":0.95,"lower_bound":8421766.581594428,"upper_bound":8457121.94015873},"point_estimate":8441314.817592261,"standard_error":9075.762370816576},"median":{"confidence_interval":{"confidence_level":0.95,"lower_bound":8426759.84,"upper_bound":8474586.853333334},"point_estimate":8438918.215384616,"standard_error":8501.896684749754},"median_abs_dev":{"confidence_interval":{"confidence_level":0.95,"lower_bound":8893.547011339597,"upper_bound":42129.979745376564},"point_estimate":27636.872398577947,"standard_error":9930.047052395512},"slope":{"confidence_interval":{"confidence_level":0.95,"lower_bound":8439553.619245134,"upper_bound":8464603.663091118},"point_estimate":8453201.21983871,"standard_error":6402.146723355617},"std_dev":{"confidence_interval":{"confidence_level":0.95,"lower_bound":16885.26565943794,"upper_bound":53141.689956487724},"point_estimate":36386.77989804473,"standard_error":10585.39130513817}}