{"mean":{"confidence_interval":{"confidence_level":0.95,"lower_bound":-0.43830394945725915,"upper_bound":-0.43552079001632055},"point_estimate":-0.4370384896599261,"standard_error":0.0007148851268300203},"median":{"confidence_interval":{"confidence_level":0.95,"lower_bound":-0.43922795252560054,"upper_bound":-0.4368438052309638},"point_estimate":-0.4388215036698153,"standard_error":0.0008021643145442262}}